artist,song
Pink Floyd,Another Brick in the Wall (part 2)
Barbra Streisand,A Woman in Love
John Lennon,(Just Like) Starting Over
Diana Ross,Upside Down
Lipps Inc,Funkytown
Blondie,Call Me
Queen,Another One Bites the Dust
Queen,Crazy Little Thing Called Love
Olivia Newton-John & Electric Light Orchestra,Xanadu
Irene Cara,Fame
Abba,The Winner Takes it All
Blondie,The Tide is High
Sugarhill Gang,Rapper's Delight
The Pretenders,Brass In Pocket (I'm Special)
Stevie Wonder,Master Blaster (Jammin')
KC & The Sunshine Band,Please Don't Go
The Police,Don't Stand So Close to Me
Abba,Super Trouper
Kenny Rogers,Lady
Johnny Logan,What's Another Year
Leo Sayer,More Than I Can Say
Paul McCartney,Coming Up
Kenny Rogers,Coward of the County
Goombay Dance Band,Sun Of Jamaica
Captain & Tennille,Do That to Me One More Time
Gary Numan,Cars
The Rolling Stones,Emotional Rescue
Olivia Newton-John, Magic
Michael Jackson,Rock With You
The Detroit Spinners,Working My Way Back to You
David Bowie,Ashes to Ashes
Elton John,Little Jeannie
Christopher Cross,Sailing
George Benson,Give Me the Night
Rocky Burnett,Tired of Toein' The Line
Air Supply,All Out of Love
Neil Diamond,Love On the Rocks
Billy Joel,It's Still Rock 'n' Roll to Me
Bruce Springsteen,Hungry Heart
Dr Hook,Sexy Eyes
The Korgis,Everybody's Got to Learn Sometime 
Kool & The Gang,Ladies Night
Split Enz,I Got You
Devo,Whip It
Stephanie Mills,Never Knew Love Like This Before
Barbra Streisand & Barry Gibb,Guilty
Bette Midler,The Rose
The Vapors,Turning Japanese
Frank Sinatra,Theme From 'New York New York'
Blondie,Atomic
Joy Division,Love Will Tear Us Apart
Marti Webb,Take That Look Off Your Face
Ottawan,DISCO
Robert Palmer,Johnny & Mary
Donna Summer,On The Radio
The Village People,Can't Stop the Music
Cliff Richard,Dreamin'
Billy Preston & Syreeta,With You I'm Born Again
Brothers Johnson,Stomp!
The Pointer Sisters,He's So Shy
Michael Jackson,Off the Wall
Kelly Marie,Feels Like I'm in Love
Supertramp,Dreamer
Bob Marley,Could You Be Loved
The Whispers,And the Beat Goes On
Donna Summer,The Wanderer
Tom Petty & The Heartbreakers,Refugees
SOS Band,Take Your Time (Do it Right)
AC/DC,You Shook Me All Night Long
Smokey Robinson,Cruisin'
Genesis,Misunderstanding
Roland Kaiser,Santa Maria
Fleetwood Mac,Sara
Madness,One Step Beyond
Earth & Fire,Weekend
Benny Mardones,Into the Night
"Ray, Goodman & Brown",Special Lady
Rupert Holmes,Him
Air Supply,Lost in Love
Bob Seger & The Silver Bullet Band,Against the Wind
The Manhattans,Shining Star
Shalamar,The Second Time Around
David Bowie,Fashion
The Gibson Brothers,Que sera mi vida (If You Should Go)
Oliver Onions,Santa Maria
Kate Bush,Babooshka
Pat Benatar,Hit Me With Your Best Shot 
Diana Ross,I'm Coming Out
Peter Gabriel,Games Without Frontiers
The Nolans,I'm in the Mood For Dancing
Christopher Cross,Ride Like the Wind
Michael Jackson,She's Out of My Life
Jermaine Jackson,Let's Get Serious
Electric Light Orchestra,I'm Alive
Willie Nelson,On the Road Again
Billy Joel,You May Be Right
Paul Simon,Late in the Evening
Prince,I Wanna Be Your Lover
Spargo,You & Me
Andy Gibb,Desire
Kim Carnes,Bette Davis Eyes
Olivia Newton-John,(Let's Get) Physical
Diana Ross & Lionel Richie,Endless Love
Starsound,Stars On 45
Soft Cell,Tainted Love
Phil Collins,In the Air Tonight
John Lennon,Woman
Kool & The Gang,Celebration
Christopher Cross,Arthur's Theme (Best That You Can Do)
Dolly Parton,9 to 5
Sheena Easton,Morning Train (Nine to Five)
Joe Dolce,Shaddup You Face
The Rolling Stones,Start Me Up
Blondie,Rapture
The Police,Every Little Thing She Does is Magic
REO Speedwagon,Keep On Loving You
Sheena Easton,For Your Eyes Only
Foreigner ,Waiting For a Girl Like You
"Earth, Wind & Fire",Let's Groove
Smokey Robinson,Being With You
Rick Springfield,Jessie's Girl
Kim Wilde,Kids in America
The Police,"De Do Do Do, De Da Da Da"
Queen & David Bowie,Under Pressure
Don McLean,Cryin'
Rod Stewart,Passion
Foreigner,Urgent
Hall & Oates,Kiss On My List
Electric Light Orchestra,Hold On Tight
Aneka,Japanese Boy
George Harrison,All Those Years Ago
Rod Stewart,Young Turks
Juice Newton,Angel of the Morning
Grover Washington Jr,Just the Two of Us
Abba,One of Us
Hall & Oates,Private Eyes
Visage,Fade to Grey
Bucks Fizz,Making Your Mind Up
Joey Scarbury,Theme From 'Greatest American Hero' (Believe It Or Not)
The Pointer Sisters,Slow Hand
 Ultravox,Vienna
Shakin' Stevens,This Ole House
Juice Newton,Queen of Hearts
David A Stewart & Barbara Gaskin,It's My Party
Air Supply,The One that You Love
Jona Lewie,Stop the Cavalry
The Commodores,Lady (You Bring Me Up)
Styx,The Best of Times
Rick James,Super Freak
Michael Jackson,One Day in Your Life
Kim Wilde, Chequered Love
The Specials,Ghost Town
Ray Parker Jr & Raydio,A Woman Needs Love (Just Like You Do)
Steve Winwood,While You See a Chance
Journey,Don't Stop Believin'
Shakin' Stevens,(You Drive Me) Crazy
Ottawan,Hands Up (Give Me Your Heart)
The Stray Cats,Rock This Town
The Go Gos,Our Lips Are Sealed
Roxy Music,Jealous Guy
Rod Stewart,Tonight I'm Yours (Don't Hurt Me)
Journey,Who's Crying Now
REO Speedwagon,Take it On the Run
Eddie Rabbitt,I Love A Rainy Night
Adam & The Ants,Antmusic
Diana Ross,Why Do Fools Fall in Love?
Stevie Nicks & Tom Petty ,Stop Draggin' My Heart Around
Starsound,Stars On 45 Vol 2
Champaign,How 'bout Us
Adam & The Ants,Prince Charming
The Rolling Stones,Waiting On a Friend
A Taste of Honey,Sukiyaki
Frank Duval,Angel of Mine
Neil Diamond,Hello Again
John Lennon,Watching the Wheels
Genesis,Abacab
Marty Balin,Hearts
The Royal Philharmonic Orchestra,Hooked On Classics
Orchestral Manoeuvres In The Dark,Enola Gay
Odyssey,Going Back to My Roots
Adam & The Ants,Stand & Deliver
Gino Vannelli,Living Inside Myself
The Police,Spirits in the Material World
Kenny Rogers,I Don't Need You
Billy Squier,The Stroke
The Jackson 5,Can You Feel It
Shakin' Stevens,Green Door
Yarbrough & Peoples,Don't Stop the Music
The Who,You Better You Bet
Depeche Mode, Just Can't Get Enough
Barbra Streisand,Comin' in & Out of Your Life
The Commodores,Oh No
Sheena Easton,Modern Girl
Gary US Bonds,This Little Girl
Talking Heads,Once in a Lifetime
Boney M,We Kill the World (Don't Kill the World)
John Lennon,Jealous Guy
Manhattan Transfer,The Boy From New York City
Electronica's,Dance Little Bird
Steely Dan,Hey Nineteen
Survivor,Eye of the Tiger
Joan Jett & The Blackhearts,I Love Rock 'n' Roll
The Human League,Don't You Want Me
Paul McCartney & Stevie Wonder,Ebony & Ivory
Men At Work, Down Under
J Geils Band,Centrefold
Steve Miller Band,Abracadabra
Dexys Midnight Runners,Come On Eileen
Joe Cocker & Jennifer Warnes,Up Where We Belong
Musical Youth,Pass the Dutchie
F R David,Words
Chicago,Hard to Say I'm Sorry
John Cougar Mellencamp,Jack & Diane
Toni Basil,Mickey
Hall & Oates,I Can't Go For That (No Can Do)
Hall & Oates,Maneater
Trio,Da Da Da ich lieb dich nicht du liebst mich nicht aha aha aha
Toto,Rosanna
Charlene,I've Never Been to Me
Duran Duran,Hungry Like the Wolf
Laura Branigan,Gloria
Quarterflash,Harden My Heart
ABC,The Look of Love
Supertramp,It's Raining Again
Shakin' Stevens,Oh Julie
Frida,I Know There's Something Going On
Dionne Warwick,Heartbreaker
Vangelis,Chariots of Fire
The Clash,Rock the Casbah
John Cougar Mellencamp,Hurt So Good
Falco,Der Kommissar
Kim Wilde,Cambodia
Kool & The Gang,Get Down On It
Paul McCartney & Michael Jackson,The Girl is Mine
Grandmaster Flash & The Furious Five,The Message
Lindsey Buckingham,TROUBLE
Willie Nelson,Always On My Mind
Lionel Richie,Truly
The Go Gos,We Got The Beat
Imagination,Just an Illusion
The Alan Parsons Project,Eye in the Sky
Men At Work,Who Can it Be Now?
A Flock of Seagulls,I Ran (So Far Away)
Don Henley,Dirty Laundry
Adam Ant,Goody Two Shoes
Journey,Open Arms
Yazoo,Don't Go
J Geils Band,Freeze-Frame
Asia,Heat of the Moment
Richard Sanderson,Reality
The Stray Cats,Stray Cat Strut
David Bowie,Cat People (Putting Out Fire)
Orchestral Manoeuvres In The Dark,Maid of Orleans (The Waltz Joan of Arc)
The Human League,Mirror Man
Joe Jackson,Steppin' Out
Tight Fit,The Lion Sleeps Tonight
Ray Parker Jr,The Other Woman
The Pretenders,Back On the Chain Gang
Stevie Wonder,That Girl
George Benson,Turn Your Love Around
Imagination,Music & Lights
The Cars,Shake it Up
Tommy Tutone,867-5309 (Jenny Jenny)
Donna Summer,Love is in Control (Finger On the Trigger)
Dolly Parton,I Will Always Love You
Olivia Newton-John,Heart Attack
Dire Straits,Private Investigations
Elton John,Blue Eyes
The Jam,A Town Called Malice
REM,Radio Free Europe
Fleetwood Mac,Hold Me
Duran Duran,Rio
Buckner & Garcia,Pac-man Fever
Queen,Body Language
Rick Springfield,Don't Talk To Strangers
Jon & Vangelis,I'll Find My Way Home
Elton John,Empty Garden (Hey Hey Johnny)
Stevie Nicks,Leather & Lace
Bucks Fizz,The Land of Make Believe
Boystown Gang,Can't Take My Eyes Off You
The Rolling Stones,Going to a Go-Go
Bertie Higgins,Key Largo
Afrika Bambaataa,Planet Rock
PhD,I Won't Let You Down
Joan Jett & The Blackhearts,Crimson & Clover
The Go Gos,Vacation
Talk Talk,Talk Talk
The Stranglers,Golden Brown
Juice Newton,The Sweetest Thing (I've Ever Known)
Spider Murphy Gang,Skandal im Sperrbezirk
Roxy Music,More Than This
Motels,Only the Lonely
Hot Chocolate,It Started With a Kiss
U2,I Will Follow
Haircut 100,Love Plus One
Abba,The Day Before You Came
Al Bano & Romina Power,Felicita
Andy Borg,Adios Amor
Billy Idol,Hot in the City
Air Supply,Even the Nights are Better 
Irene Cara,Flashdance... What a Feeling
The Police,Every Breath You Take
Michael Jackson,Billie Jean
Culture Club,Karma Chameleon
Michael Jackson,Beat It
David Bowie,Let's Dance
Culture Club,Do You Really Want to Hurt Me?
Bonnie Tyler,Total Eclipse of the Heart
UB40,Red Red Wine
Nena,99 Red Balloons
The Eurythmics,Sweet Dreams (Are Made of This)
Lionel Richie,All Night Long (All Night)
Paul McCartney & Michael Jackson,Say Say Say
Billy Joel,Uptown Girl
Marvin Gaye,(Sexual) Healing
Michael Sembello,Maniac
Rod Stewart,Baby Jane
Eddy Grant,Electric Avenue
Men Without Hats,The Safety Dance
Kenny Rogers & Dolly Parton,Islands in the Stream
Spandau Ballet,TRUE
Toto,Africa
Kajagoogoo,Too Shy
Phil Collins,You Can't Hurry Love
Madness,Our House
Peter Schilling,Major Tom (Coming Home)
Mike Oldfield,Moonlight Shadow
Taco,Puttin' on the Ritz
Pat Benatar,Love is a Battlefield
Donna Summer,She Works Hard For the Money
Prince,1999
Eddy Grant,I Don't Wanna Dance
Styx,Mr Roboto
Michael Jackson,Wanna Be Startin' Something
David Bowie,China Girl
Billy Joel,Tell Her About It
Paul Young,Come Back & Stay
Duran Duran,Union of the Snake
Greg Kihn Band,Jeopardy
Duran Duran,Is There Something I Should Know?
New Order,Blue Monday
Herbie Hancock,Rockit
Elton John,I'm Still Standing
Culture Club,Time (Clock of the Heart)
Prince,Little Red Corvette
The Police,Wrapped Around Your Finger
Thomas Dolby,She Blinded Me With Science
The Rolling Stones,Undercover of the Night
Jackie Wilson,Reet Petite
Patti Austin & James Ingram,"Baby, Come to Me"
The Police,King of Pain
Culture Club,Church of the Poison Mind
Air Supply,Making Love (Out of Nothing At All)
Ryan Paris,Dolce Vita
Peabo Bryson & Roberta Flack,Tonight I Celebrate My Love
Talking Heads,Burning Down the House
U2,New Year's Day
Kenny Rogers & Sheena Easton,We've Got Tonight
KC & The Sunshine Band,Give it Up
David Bowie,Modern Love
Men At Work,Overkill
Gazebo,I Like Chopin
Bananarama,Cruel Summer
Elton John,I Guess That's Why They Call it the Blues
Tracey Ullman,They Don't Know
Renee & Renato,Save Your Love
Bob Seger & The Silver Bullet Band,Shame On The Moon
Lionel Richie,Running With the Night
Frank Stallone,Far From Over
Duran Duran,Save a Prayer
Genesis,Mama
The Eurythmics,Love is a Stranger
Billy Idol,White Wedding
The Stray Cats,(She's) Sexy & 17
Journey,Separate Ways (Worlds Apart)
Christopher Cross,All Right
Tears For Fears ,Change
Indeep,Last Night a DJ Saved My Life
Olivia Newton-John,Twist Of Fate
New Edition,Candy Girl
Righeira,Vamos a la playa
U2,Sunday Bloody Sunday
The Fixx,One Thing Leads to Another
The Weather Girls,It's Raining Men
Robin Gibb,Juliet
Sergio Mendes,Never Gonna Let You Go
Def Leppard,Photograph
Electric Light Orchestra,Rock 'n' Roll is King
Naked Eyes,(There's) Always Something There to Remind Me
Hall & Oates,Say it Isn't So
After The Fire,Der Kommissar
Lionel Richie,You Are
Paul Young,Wherever I Lay My Hat (That's My Home)
The Human League,(Keep Feeling) Fascination
Big Country,In a Big Country
Stevie Nicks,Stand Back
The Kinks,Come Dancing
Michael Jackson,Human Nature
Laid Back,Sunshine Reggae
Quiet Riot, Cum On Feel the Noize
George Michael,Careless Whisper
Stevie Wonder,I Just Called to Say I Love You
Prince,When Doves Cry
Tina Turner,What's Love Got to Do With It?
Cyndi Lauper,Girls Just Wanna Have Fun 
Band Aid,Do They Know It's Christmas?
Wham!,Wake Me Up Before You Go Go
Madonna,Like a Virgin
Frankie Goes To Hollywood,Relax
Phil Collins,Against All Odds (Take a Look At Me Now)
Van Halen,Jump
Lionel Richie,Hello
Ray Parker Jr,Ghostbusters
Kenny Loggins,Footloose
Michael Jackson,Thriller
Bruce Springsteen,Dancing in the Dark
Cyndi Lauper,Time After Time
Duran Duran ,Wild Boys
Chaka Khan,I Feel For You
Prince,Purple Rain
Laura Branigan,Self Control
Duran Duran,The Reflex
Frankie Goes To Hollywood,Two Tribes
Yes,Owner of a Lonely Heart
Rockwell,Somebody's Watching Me
Queen,Radio Ga Ga
The Cars,Drive
U2,Pride (In the Name of Love)
Deniece Williams,Let's Hear it For the Boy
Billy Ocean,Caribbean Queen (No More Love On the Run)
Wham!,Last Christmas
Wham!,Freedom
Prince,Let's Go Crazy
Sade,Smooth Operator
Alphaville,Big in Japan
Madonna,Holiday
Kool & The Gang,Joanna
The Thompson Twins,Hold Me Now
Madonna,Borderline
Cyndi Lauper,She Bop
The Romantics,Talking in Your Sleep
John Waite,Missing You
Queen,I Want to Break Free
Julio Iglesias & Willie Nelson,To All the Girls I've Loved Before
Bronski Beat,Smalltown Boy
Limahl,Never Ending Story
The Eurythmics,Here Comes the Rain Again
The Honeydrippers,Sea of Love
Billy Idol,Eyes Without a Face
"The Jackson 5, Mick Jagger & Michael Jackson",State of Shock
Alphaville,Forever Young
Hall & Oates,Out of Touch
ZZ Top,Legs
Paul Young,Love of the Common People
Matthew Wilder,Break My Stride
The Cars,You Might Think
Shannon,Let the Music Play
Dan Hartman,I Can Dream About You
Steve Perry,Oh Sherrie
Culture Club,The War Song
Depeche Mode,People Are People
Paul McCartney,No More Lonely Nights
David Bowie,Blue Jean
Tina Turner,Private Dancer
The Pointer Sisters,Jump (For My Love)
The Pointer Sisters,Automatic
Culture Club,Miss Me Blind
Lionel Richie,Stuck On You
Frankie Goes To Hollywood,The Power of Love
The Flying Pickets,Only You
Pat Benatar,We Belong
Bruce Springsteen,Cover Me
Slade,My Oh My
Chicago,Hard Habit to Break
The Thompson Twins,Doctor! Doctor!
Nik Kershaw,Wouldn't it Be Good
Real Life,Send Me an Angel
Sheila E,The Glamorous Life
Elton John,Sad Songs (Say So Much)
Alphaville,Sounds Like a Melody
John Lennon,Nobody Told Me 
INXS,Original Sin
John Cougar Mellencamp,Pink Houses
Madonna,Lucky Star
Huey Lewis & The News,The Heart Of Rock 'n' Roll
Jermaine Jackson & Pia Zadora,When The Rain Begins To Fall
Huey Lewis & The News,I want a new drug (called love)
Evelyn Thomas,High Energy
The Pointer Sisters,I'm So Excited
Duran Duran,New Moon On Monday
Weird Al' Yankovic,Eat It
The Scorpions,Still Loving You
Scandal,The Warrior
Tina Turner, Better Be Good to Me
New Edition,Cool it Now
Bonnie Tyler,Holding Out For a Hero
Rod Stewart,Infatuation
Night Ranger,Sister Christian
Twisted Sister,We're Not Gonna Take It
Wang Chung,Dance Hall Days
USA For Africa,We Are the World
A-Ha,Take On Me
Foreigner,I Want to Know What Love Is
Tears For Fears,Shout
Lionel Richie,"Say You, Say Me"
Dire Straits,Money For Nothing
Tears For Fears,Everybody Wants to Rule the World
Madonna,Crazy For You
Huey Lewis & The News,The Power of Love
Duran Duran,A View to a Kill
Murray Head,One Night in Bangkok
Tina Turner,We Don't Need Another Hero (Thunderdome)
Paul Hardcastle,19
Simple Minds,Don't You (Forget About Me)
Madonna,Into the Groove
Elton John,Nikita
Don Henley,The Boys of Summer
Jefferson Starship,We Built This City
Bruce Springsteen,Born in the USA
Whitney Houston,Saving All My Love For You
Jennifer Rush,The Power of Love
David Bowie & Mick Jagger,Dancing in the Street
Kool & The Gang,Cherish
Mr Mister,Broken Wings
Stevie Wonder,Part-Time Lover
Baltimora,Tarzan Boy
Dead Or Alive,You Spin me 'round (Like a Record)
Phil Collins,One More Night
Paul Young,Every Time You Go Away
Wham!,I'm Your Man
Madonna,Material Girl
Philip Bailey & Phil Collins,Easy Lover
Simple Minds,Alive & Kicking
John Parr,St Elmo's Fire (Man in Motion)
Bryan Adams,Heaven
Wham!,Everything She Wants
Harold Faltermeyer,Axel F
Phil Collins & Marilyn Martin,Separate Lives
Opus,Live Is Life
Sandra,(I'll Never Be) Maria Magdalena
REO Speedwagon,Can't Fight This Feeling
Fergal Sharkey,A Good Heart
Bruce Springsteen,I'm On Fire
Phil Collins,Sussudio
UB40 & Chrissie Hynde,I Got You Babe
Glenn Frey,The Heat is On
The Eurythmics,There Must Be an Angel (Playing With My Heart)
Bryan Adams,Summer of '69
Billy Ocean,Loverboy
Modern Talking,You're My Heart You're My Soul
The Eurythmics,Would I Lie to You?
Katrina & The Waves,Walking On Sunshine
Ashford & Simpson,Solid
The Commodores,Nightshift
Jan Hammer,Miami Vice Theme
John Cougar Mellencamp,Small Town
Prince,Raspberry Beret
DeBarge,Rhythm of the Night
Bruce Springsteen,Glory Days
The Pointer Sisters,Neutron Dance
Sade,The Sweetest Taboo
Madonna,Angel
Jim Diamond,I Should Have Known Better
Kate Bush,Running Up That Hill 
Chicago,You're the Inspiration
Howard Jones,Things Can Only Get Better
Modern Talking,Cheri Cheri Lady
Sting,If You Love Somebody Set Them Free
Aretha Franklin,Freeway of Love
Madonna,Dress You Up
Tears For Fears,Head Over Heels
Julian Lennon,Too Late For Goodbyes
Dire Straits,So Far Away
David Bowie & The Pat Metheny Group,This is Not America
Power Station,Some Like it Hot
Arcadia,Election Day
Talking Heads,Road to Nowhere
Mick Jagger,Just Another Night
Glenn Frey,You Belong To The City
Depeche Mode,Shake the Disease
Marillion,Kayleigh
Animotion,Obsession
Freddie Mercury,I Was Born to Love You
Midge Ure,If I Was
Corey Hart,Never Surrender
King,Love & Pride
David Lee Roth,California Girls
The Thompson Twins,Lay Your Hands On Me
Bryan Adams,Run to You
Whitney Houston,You Give Good Love
Ready For the World,Oh Sheila
Falco,Vienna Calling
Heart,Never
Sister Sledge,Frankie
Jack Wagner,All I Need
Godley & Creme,Cry
Jermaine Jackson,Do What You Do
Mary Jane Girls,In My House
Dead Or Alive,Lover Come Back to Me
Kool & The Gang,Fresh
Berlin,Take My Breath Away
Dionne Warwick & Friends,That's What Friends Are For
Falco,Rock Me Amadeus
Madonna,Papa Don't Preach
The Bangles,Walk Like an Egyptian
The Pet Shop Boys,West End Girls
Peter Gabriel,Sledgehammer
Chris de Burgh,The Lady in Red
Billy Ocean,"When the Going Gets Tough, the Tough Get Going"
Prince,Kiss
Europe,The Final Countdown
Whitney Houston,Greatest Love of All
Robert Palmer,Addicted to Love
Madonna,Live to Tell
Bananarama,Venus
Steve Winwood,Higher Love
The Bangles,Manic Monday
Patti LaBelle & Michael McDonald,On My Own
Peter Cetera,Glory of Love
Madonna,True Blue
George Michael,A Different Corner
Cyndi Lauper,True Colors
Mr Mister,Kyrie
Samantha Fox,Touch Me (I Want Your Body)
Survivor,Burning Heart
Bruce Hornsby & The Range,The Way it Is
Lionel Richie,Dancing On the Ceiling
Duran Duran,Notorious
The Human League,Human
Whitney Houston,How Will I Know
Jefferson Starship,Sara
Run DMC & Aerosmith,Walk This Way
A-Ha,The Sun Always Shines On TV
Dire Straits,Walk of Life
Wham!,The Edge of Heaven
Nu Shooz,I Can't Wait
Huey Lewis & The News,Stuck With You
 Level 42,Lessons in Love
Simply Red,Holding Back the Years
Billy Ocean,There'll Be Sad Songs (To Make You Cry)
Genesis,Invisible Touch
Cameo,Word Up
Janet Jackson,When I Think of You
Wang Chung,Everybody Have Fun Tonight
Oran 'Juice' Jones,The Rain
The Communards,Don't Leave Me This Way
Glass Tiger,Don't Forget Me (When I'm Gone)
Cliff Richard & The Young Ones,Living Doll
Tina Turner,Typical Male
Janet Jackson,What Have You Done For Me Lately
Janet Jackson,Nasty
Miami Sound Machine,Conga
The Pet Shop Boys,Suburbia
James Brown,Living in America
Diana Ross,Chain Reaction
David Bowie,Absolute Beginners
Heart,These Dreams
Status Quo,In the Army Now
Bon Jovi,You Give Love a Bad Name
MC Miker G & DJ Sven,Holiday Rap
Eddie Murphy,Party All The Time 
Atlantic Starr,Secret Lovers
Boris Gardiner,I Want to Wake Up With You
Orchestral Manoeuvres In The Dark,If You Leave
Miami Sound Machine,Bad Boy
Belinda Carlisle,Mad About You
Level 42,Something About You
Kenny Loggins,Danger Zone
Klymaxx,I Miss You
Michael McDonald,Sweet Freedom
Modern Talking,Brother Louie
Boston,Amanda
Peter Cetera & Amy Grant,The Next Time I Fall
Van Halen,Why Can't This Be Love?
Stacey Q,Two Of Hearts
Sly Fox,Let's Go All the Way
Double,The Captain of Her Heart
The Rolling Stones,Harlem Shuffle
Mel & Kim,Showing Out (Get Fresh At the Weekend)
Mike & The Mechanics,All I Need is a Miracle
Modern Talking,Atlantis Is Calling (S.O.S. For Love)
INXS,What You Need
Timex Social Club,Rumors
Sheila E,A Love Bizarre
Paul Simon,You Can Call Me Al
El DeBarge,Who's Johnny
 Doctor & The Medics,Spirit in the Sky
New Order,Bizarre Love Triangle
Bronski Beat,Hit That Perfect Beat
Jermaine Stewart,We Don't Have to Take Our Clothes Off
Falco,Jeanny Part I
The Pretenders,Don't Get Me Wrong
Boys Don't Cry,I Wanna Be A Cowboy
Robert Palmer,I Didn't Mean to Turn You On
Peter Gabriel,In Your Eyes
Howard Jones,No One is to Blame
Anita Baker,Sweet Love
Gloria Loring & Carl Anderson,Friends & Lovers
Orchestral Manoeuvres In The Dark,(Forever) Live & Die
Bruce Springsteen,My Hometown
Whitney Houston,I Wanna Dance With Somebody (Who Loves Me)
Rick Astley,Never Gonna Give You Up
George Michael,Faith
Los Lobos,La Bamba
U2,With Or Without You
Bill Medley & Jennifer Warnes,(I've Had) the Time of My Life
U2,I Still Haven't Found What I'm Looking For
Jefferson Starship,Nothing's Gonna Stop Us Now
Bon Jovi,Livin' On a Prayer
Madonna,Who's That Girl?
Madonna,La Isla Bonita
Michael Jackson & Siedah Garrett,I Just Can't Stop Loving You
Crowded House,Don't Dream It's Over
Aretha Franklin & George Michael,I Knew You Were Waiting (For Me)
Michael Jackson,Bad
Terence Trent D'Arby,Wishing Well
The Pet Shop Boys,It's a Sin
Club Nouveau,Lean On Me
Glenn Medeiros,Nothing's Gonna Change My Love For You
George Michael,I Want Your Sex
Dusty Springfield & The Pet Shop Boys,What Have I Done to Deserve This
Heart,Alone
Bee Gees,You Win Again
Cutting Crew,(I Just) Died in Your Arms Tonight
U2,Where the Streets Have No Name
Mel & Kim,Respectable
Kim Wilde,(You Keep Me) Hangin' On
MARRS,Pump Up the Volume
Madonna,Open Your Heart
Gregory Abbott,Shake You Down
Atlantic Starr,Always
Suzanne Vega,Luka
Robbie Nevil,C'est La Vie
Pseudo Echo,Funkytown
Linda Ronstadt & James Ingram,Somewhere Out There
Lisa Lisa & Cult Jam,Head to Toe
Bob Seger & The Silver Bullet Band,Shake Down
Boy George,Everything I Own
Johnny Hates Jazz,Shattered Dreams
Whitesnake,Here I Go Again
T'Pau,Heart & Soul
T'Pau,China in Your Hand
Jody Watley,Looking For a New Love
Whitney Houston,Didn't We Almost Have it All
Depeche Mode,Strangelove
John Farnham,You're the Voice
Whitney Houston,So Emotional
Fleetwood Mac,Little Lies
The Beastie Boys,(You Gotta) Fight For Your Right (To Party!)
Madonna,Causing a Commotion
Prince,Sign O' the Times
Billy Vera,At This Moment
Prince,U Got the Look
Genesis,Land of Confusion
The Cure,Just Like Heaven
Janet Jackson,Let's Wait Awhile
Ferry Aid,Let it Be
Paul Simon,Graceland
Lisa Lisa & Cult Jam,Lost In Emotion
Billy Idol,Mony Mony (Live)
Desireless,Voyage Voyage
Europe,Carrie
Rick Astley,Whenever You Need Somebody
Kenny G,Songbird
Whitesnake,Is This Love?
The Housemartins,Caravan of Love
Erasure,Sometimes
Debbie Gibson,Only in My Dreams
Johnny Logan,Hold Me Now
Swing Out Sister,Breakout
Black,Wonderful Life
New Order,True Faith
Genesis,In Too Deep
Bruce Springsteen,Brilliant Disguise
Sting,We'll Be Together
Sabrina,Boys (Summertime Love)
Levert,Casanova
Depeche Mode,Never Let Me Down Again
Living In A Box,Living in a Box
Cyndi Lauper,Change of Heart
Nina Simone,My Baby Just Cares For Me
Georgia Satellites,Keep Your Hands to Yourself
Was (Not Was),Walk the Dinosaur
Fleetwood Mac,Big Love
The Jets,You Got it All
ABC,When Smokey Sings
A-Ha,The Living Daylights 
Peter Gabriel,Big Time
REM,The One I Love
The Pogues & Kirsty MacColl,The Fairytale of New York
Alison Moyet,Is This Love?
Bruce Springsteen,Tunnel of Love
Bananarama,I Heard a Rumour
Bon Jovi,Wanted Dead Or Alive
Gloria Estefan & Miami Sound Machine,Rhythm is Gonna Get You
Genesis,"Tonight, Tonight, Tonight"
The Pet Shop Boys,Rent
Huey Lewis & The News,Jacob's Ladder
The Firm,Star Trekkin'
Herb Alpert,Diamonds
Phil Collins,A Groovy Kind of Love
Bobby McFerrin,Don't Worry Be Happy
Guns n' Roses,Sweet Child O' Mine
U2,Desire
Billy Ocean,Get Outta My Dreams Get Into My Car
INXS,Need You Tonight
Tiffany,I Think We're Alone Now
Belinda Carlisle,Heaven is a Place On Earth
The Beach Boys,Kokomo
Kylie Minogue,The Loco-Motion
Phil Collins,Two Hearts
George Michael,One More Try
The Pet Shop Boys,Always On My Mind
George Harrison,Got My Mind Set On You
Kylie Minogue,I Should Be So Lucky
Tracy Chapman,Fast Car
Milli Vanilli,"Girl, You Know It's True"
Enya,Orinoco Flow
Rick Astley,Together Forever
Steve Winwood,Roll With It
Yazz & The Plastic Population,The Only Way is Up
Midnight Oil,Beds Are Burning
Michael Jackson,The Way You Make Me Feel
Whitney Houston,One Moment in Time
The Pet Shop Boys,Heart
Taylor Dayne,Tell it to My Heart
Cheap Trick,The Flame
The Escape Club,Wild Wild West 
George Michael,Father Figure
Michael Jackson,Dirty Diana
Rick Astley,She Wants to Dance With Me
Tiffany,Could've Been
Fairground Attraction,Perfect
Michael Jackson,Man in the Mirror
Robin Beck,First Time
Salt-N-Pepa,Push It
The Pet Shop Boys,Domino Dancing
Terence Trent D'Arby,Sign Your Name
Robert Palmer,Simply Irresistible
Guns n' Roses,Welcome to the Jungle
 Womack & Womack,Teardrops
Elton John,I Don't Wanna Go On With You Like That
Taylor Dayne,I Will Always Love You
Def Leppard,Love Bites
Bon Jovi,Bad Medicine
Def Leppard,Pour Some Sugar On Me
George Michael,Monkey
Gloria Estefan & Miami Sound Machine,Anything For You
Michael Jackson,Smooth Criminal
Fat Boys & Chubby Checker,The Twist (Yo Twist)
Debbie Gibson,Foolish Beat
Tom Jones & Art of Noise,Kiss
S-Express,Theme From 'SExpress'
INXS ,Devil Inside
INXS,New Sensation
George Michael,Kissing a Fool
Duran Duran,I Don't Want Your Love
Anita Baker,Giving You The Best That I Got
Natalie Cole,Pink Cadillac
Kim Wilde,You Came
Erasure,A Little Respect
Belinda Carlisle,I Get Weak
Information Society,What's On Your Mind (Pure Energy)
Whitney Houston,Where Do Broken Hearts Go
Gloria Estefan & Miami Sound Machine,37623
Bros,When Will I Be Famous?
Patrick Swayze,She's Like the Wind
Ofra Haza,Im Nin'Alu
Expose,Seasons Change
Breathe,Hands to Heaven
Sam Brown,Stop
Prince,Alphabet Street
Boy Meets Girl,Waiting For a Star to Fall
The Bangles,In Your Room
The Bangles,A Hazy Shade of Winter
Mory Kante,Yeke Yeke
Huey Lewis & The News,Perfect World
INXS,Never Tear Us Apart
Richard Marx,Endless Summer Nights
Aerosmith,Angel
Eric Carmen,Hungry Eyes
KLF,Doctorin' the Tardis
Debbie Gibson,Shake Your Love
Climie Fisher,Love Changes Everything
Bobby Brown,Don't Be Cruel
Bros,Drop the Boy
Breathe,How Can I Fall
Yello,The Race
Yazz & The Plastic Population,Stand Up For Your Love Rights
Brenda Russell,Piano in the Dark
Europe,Superstitious
Icehouse,Electric Blue
Fleetwood Mac,Everywhere
When In Rome,The Promise
Kylie Minogue,Got to Be Certain
Rod Stewart,Forever Young
A-Ha,Stay On These Roads
Aswad,Don't Turn Around
Erasure,Chains of Love
Richard Marx,Hold On To The Nights
Madonna,Like a Prayer
Phil Collins,Another Day in Paradise
Fine Young Cannibals,She Drives Me Crazy
The Bangles,Eternal Flame
Richard Marx,Right Here Waiting
Roxette,The Look
Jive Bunny & The Mastermixers,Swing the Mood
The B52s,Love Shack
Prince,Batdance
Kaoma,Lambada
Mike & The Mechanics,The Living Years
Milli Vanilli,"Girl, I'm Gonna Miss You"
Madonna,Express Yourself
Simply Red,If You Don't Know Me By Now
Technotronic,Pump Up the Jam 
Paula Abdul,Straight Up
Bette Midler,Wind Beneath My Wings
Soul II Soul,Back to Life (However Do You Want Me)
Martika,Toy Soldiers
Cher,If I Could Turn Back Time
Billy Joel,We Didn't Start the Fire
Janet Jackson,Miss You Much
Roxette,Listen to Your Heart
New Kids On The Block,You Got it (The Right Stuff)
Chicago,Look Away
Neneh Cherry,Buffalo Stance
Fine Young Cannibals,Good Thing
Tears For Fears,Sowing the Seeds of Love
Tone Loc,Wild Thing
Debbie Gibson,Lost in Your Eyes
Guns n' Roses,Paradise City
Linda Ronstadt & Aaron Neville,Don't Know Much
Paula Abdul,Forever Your Girl
Gloria Estefan,I Don't Wanna Lose You
Bobby Brown,On Our Own (Theme from 'Ghostbusters II')
Will To Power,"Baby, I Love Your Way"
Tina Turner,The Best
New Kids On The Block,Hangin' Tough
Milli Vanilli,Blame it On the Rain
Madonna,Cherish
Marc Almond & Gene Pitney,Something's Gotten Hold of My Heart
Milli Vanilli,Baby Don't Forget My Number
Black Box,Ride On Time
U2,Angel of Harlem
Kylie Minogue & Jason Donovan,Especially For You
Young MC,Bust a Move
Bad English,When I See You Smile
Bon Jovi,I'll Be There For You
The Rolling Stones,Mixed Emotions
Guns n' Roses,Patience
Roy Orbison,You Got It
Janet Jackson,Rhythm Nation
New Kids On The Block,I'll Be Loving You (Forever)
The Cure,Love Song 
Michael Damian,Rock On
Alice Cooper,Poison
Bobby Brown,My Perogative
Paula Abdul,Cold Hearted
Poison,Every Rose Has It's Thorn
Richard Marx,Angelia
Edelweiss,Bring Me Edelweiss
Metallica,One
Jive Bunny & The Mastermixers,That's What I Like
Love & Rockets,So Alive 
Tone Loc,Funky Cold Medina
The Cure,Lullaby
Jody Watley,Real Love
Soul II Soul & Caron Wheeler,Keep On Moving
Don Henley,The End Of The Innocence
Bon Jovi,Born to Be My Baby
Aerosmith,Love in an Elevator
Simple Minds,Belfast Child
Jason Donovan,Sealed With a Kiss
Bobby Brown,Every Little Step
Donna Summer,This Time I Know It's For Real
Tom Petty & The Heartbreakers,Free Fallin'
Richard Marx,Satisfied
Sheena Easton,The Lover in Me
Depeche Mode,Personal Jesus
Belinda Carlisle,Leave a Light On
Jason Donovan,Too Many Broken Hearts
Peter Cetera & Cher,After All
Skid Row,18 & Life
Warrant,Heaven
Michael Jackson,Leave Me Alone
U2,All I Want is You
Natalie Cole,Miss You Like Crazy
Lil' Louis,French Kiss
Inner City,Good Life
Martika,I Feel the Earth Move
Sheriff,When I'm With You
Carly Simon,Let the River Run
Edie Brickell & The New Bohemians,What I Am
Kylie Minogue,Hand On Your Heart
Prince,Partyman
Queen,I Want it All
Bon Jovi,Lay Your Hands On Me
Roxette,Dressed For Success
De La Soul,"Me, Myself & I"
Holly Johnson,Love Train
Pink Floyd,Another Brick in the Wall
The J. Geils Band,Love Stinks
"Lipps, Inc",Funkytown
Don McLean,Crying
Stevie Wonder,Masterblaster
Olivia Newton-John,Magic
Hall & Oates,Kiss on My List
Johnny Lee,Lookin' for Love
Donna Summer,On the Radio
Billy Joel,It's Still Rock and Roll to Me
Smokey Robinson,Let Me Be the Clock
Pat Benatar,We Live for Love
Rocky Burnette,Tired of Toein' the Line
Adam and the Ants,Antmusic
The Clash,Train in Vain
Blondie,Tide Is High
Pretenders,Brass in Pocket
The J. Geils Band,Come Back
Jimmy Ruffin,Hold On to My Love
Whispers,Lady
Adam and the Ants,Dog Eat Dog
AC/DC,Dirty Deeds Done Dirt Cheap
"Jacksons, The",Lovely One
Kool And The Gang,Celebration
Michael Jackson,She's Out Of My Life
Hall & Oates,How Does It Feel to Be Back
Dexys Midnight Runners,Geno
Bob Seger,Against the Wind
Eddie,Drivin' My Life Away
Whispers,And the Beat Goes On
Mickey Gilley,Stand by Me
Tom Petty and the Heartbreakers,Refugee
The Jam,Start!
Air Supply,Every Woman in the World
Linda Ronstadt,Hurt So Bad
The Doobie Brothers,Real Love
Bob Seger,Fire Lake
Ozzy Osbourne,Crazy Train
Eagles,I Can't Tell You Why
Joe Walsh,All Night Long
Kenny Loggins,I'm Alright
Pure Prairie League,Let Me Love You Tonight
The Outlaws ,(Ghost) Riders in the Sky
Dan Fogelberg,Same Old Lang Syne
Heart,Tell It Like It Is
Electric Light Orchestra,All Over the World
Peter Gabriel,Games without Frontiers
Cliff Richard & Olivia Newton-John,Suddenly
Linda Ronstadt,How Do I Make You
The Boomtown Rats,Banana Republic
The Boomtown Rats,Someone's Looking at You
Roxy Music,Over You
Pat Benatar,Hit Me with Your Best Shot
Donnie Iris,Ah! Leah!
Pete Townshend,Let My Love Open the Door
Spandau Ballet,To Cut a Long Story Short
Roxy Music,Oh Yeah (On the Radio)
Gary Numan,We Are Glass
Christopher Cross,Never Be the Same
Gary Numan,I Die: You Die
Carly Simon,Jesse
The Police,So Lonely
Genesis,Turn It On Again
Joan Jett,I Love Rock 'n Roll
J. Geils Band,Centerfold
Tommy Tutone,867-5309 / Jenny
The Police,Every Little Thing She Does Is Magic
Hall & Oates,I Can't Go for That (No Can Do)
Foreigner,Waiting for a Girl Like You
The Cars,Shake It Up
Bob Seger,Tryin' to Live My Life without You
Tom Petty and the Heartbreakers,The Waiting
Blue Oyster Cult,Burnin' For You
The Moody Blues,The Voice
Eric Clapton,I Can't Stand It
Stray Cats,Rock This Town
J. Geils Band,Freeze-Frame
Stevie Nicks,Stop Draggin' My Heart Around
Michael Stanley Band,In The Heartland
The Who,Another Tricky Day
The Tubes,Talk To Ya Later
Pat Benatar,Fire and Ice
Styx,Rockin' The Paradise
Joe Walsh,A Life of Illusion
Styx,Too Much Time on My Hands
Loverboy,Working for the Weekend
Blackfoot,Fly Away
Santana,Winning
Judas Priest,Heading Out To The Highway
Red Rider,Lunatic Fringe
The Allman Brothers Band,Straight From The Heart
Jefferson Starship,Find Your Way Back
The Moody Blues,Meanwhile
Steve Winwood,Arc Of A Diver
April Wine,Just Between You And Me
The Rolling Stones,Hang Fire
Genesis,No Reply at All
The Police,Don't Stand So Close To Me (1981 Version)
The Kinks,Better Things
Foreigner,Juke Box Hero
Stray Cats,Stray Cat Strut
The Pretenders,The Adultress
Danny Joe Brown and the Danny Joe Brown Band,Edge Of Sundown
Rockpile with Robert Plant,Little Sister
Van Halen,Mean Street
Ozzy Osbourne,Flying High Again
Peter Frampton,Breaking All The Rules
AC/DC,For Those About to Rock (We Salute You)
Journey,Stone In Love
Rainbow,Jealous Lover
Van Halen,Unchained
Air Supply,The One That You Love
Steely Dan,Time Out Of Mind
Foreigner,Night Life
Jim Steinman (with Rory Dodd),Rock And Roll Dreams Come Through
Sherbs,I Have The Skill
REO Speedwagon,Take It on the Run
Journey,The Party's Over (Hopelessly in Love)
Stevie Nicks,Leather and Lace
Bruce Springsteen,Fade Away
The Rolling Stones,Waiting on a Friend
The Go-Go's,Our Lips Are Sealed
Van Halen,So This Is Love?
Pat Benatar,Just Like Me
Adam and the Ants,Stand and Deliver
Foghat,Live Now-Pay Later
Manfred Mann's Earth Band,For You
AC/DC,Let's Get It Up
Pat Benatar,Promises In The Dark
Greg Kihn Band,The Breakup Song (They Don't Write 'Em)
Jefferson Starship,Stranger
Gary U.S. Bonds,This Little Girl
Steve Miller Band,Heart Like A Wheel
Triumph,Fight The Good Fight
Atlanta Rhythm Section,Alien
The A's,A Woman's Got The Power
Eric Clapton and his Band,Rita Mae
Dave Edmunds,Almost Saturday Night
Joan Jett & The Blackhearts,I Love Rock 'N Roll
Men at Work,Down Under
John Mellencamp,Hurts So Good
The Tubes,She's a Beauty
The Pretenders,Back on the Chain Gang
John Mellencamp ,Jack and Diane
Loverboy,Working For The Weekend
Golden Earring,Twilight Zone
Billy Squier,Everybody Wants You
Def Leppard,Rock of Ages
AC/DC,For Those About To Rock (We Salute You)
Rush,New World Man
Thomas Dolby,She Blinded Me with Science
Van Halen,(Oh) Pretty Woman
Tom Petty and the Heartbreakers,You Got Lucky
Glenn Frey, Partytown
Greg Kihn Band,Testify
Eddie Money,Think I'm in Love
38 Special,Caught Up In You
Peter Cetera,Livin' In The Limelight
The Police,Spirits In The Material World
The Go-Go's,We Got the Beat
A Flock of Seagulls,Wishing (If I Had A Photograph Of You)
Le Roux,Addicted
Joan Jett,Crimson and Clover
38 Special,You Keep Runnin' Away
REO Speedwagon,Keep the Fire Burnin'
Peter Gabriel,Shock the Monkey
Rainbow,Stone Cold
Scorpions,No One Like You
Prism,Don't Let Him Know
Sammy Hagar,Your Love Is Driving Me Crazy
The Rolling Stones,Waiting On A Friend
38 Special,Chain Lightnin'
Dire Straits,Industrial Disease
Donnie Iris,Love Is Like A Rock
April Wine,Enough Is Enough
Asia,Sole Survivor
Supertramp,Crazy
Robert Plant,Worse Than Detroit
Genesis,Paperlate
Gamma,Right The First Time
Bruce Springsteen,Atlantic City
Gary U.S. Bonds,Out Of Work
Robert Plant,Pledge Pin
The Who,Athena
Cheap Trick,If You Want My Love
The Plimsouls,A Million Miles Away
Pat Benatar,Shadows of the Night
Quarterflash,Find Another Fool
Saga,On the Loose
Sammy Hagar,I'll Fall in Love Again
Bob Seger,Shame on the Moon
707,Mega Force
Foghat,"Slipped, Tripped, Fell In Love"
Frank Zappa,Valley Girl
Jackson Browne,Somebody's Baby
Santana,Nowhere To Run
Aldo Nova,Fantasy
John Hall Band,Crazy (Keep On Falling)
Charlie Daniels Band,Still In Saigon
Bad Company,Electricland
The Go-Go's,Vacation
Steve Winwood,Valerie (1982 Version)
Fleetwood Mac,Gypsy
Led Zeppelin,Ozone Baby
Genesis,Man On The Corner
Night Ranger,Don't Tell Me You Love Me
Dwight Twilley,Somebody To Love
Pat Benatar,Looking for a Stranger
The Tubes,She's A Beauty
Duran Duran ,Hungry Like The Wolf
Def Leppard,Rock Of Ages
Nena,99 Luftballons
Pat Benatar,Love Is a Battlefield
Cyndi Lauper,Girls Just Want to Have Fun
Genesis,That's All!
Thompson Twins,Hold Me Now
A Flock Of Seagulls,Wishing (If I Had A Photograph Of You)
Men At Work,Be Good Johnny
Bob Seger,Even Now
The Pretenders,Back On The Chain Gang
John Mellencamp,Pink Houses
Pat Benatar,Looking For A Stranger
The Motels,Suddenly Last Summer
Huey Lewis & the News,Heart and Soul
Scandal,Goodbye To You
Ric Ocasek,Something To Grab For
Asia,Don't Cry
Heart,How Can I Refuse
Asia,The Heat Goes On
Elton John,I Guess That's Why They Call It the Blues
38 Special,If I'd Been The One
Sammy Hagar,Remember The Heroes
Pink Floyd,Not Now John
Dave Edmunds,Slipping Away
Jackson Browne,For A Rocker
Modern English,I Melt With You (1983 Version)
Stray Cats,(She's) Sexy + 17
Tony Carey,I Won't Be Home Tonight
ZZ Top,Sharp Dressed Man
38 Special,Back Where You Belong
Men at Work,Overkill
The Pretenders,Middle of the Road
Pink Floyd,Your Possible Pasts
John Cougar Mellencamp,Crumblin' Down
Robert Plant,Other Arms
Loverboy,Hot Girls in Love
Def Leppard,Foolin'
The Fixx,Saved By Zero
Frank Marino,Strange Dreams
Styx,Mr. Roboto
Def Leppard,Too Late For Love
Lionel Richie,Running with the Night
Zebra,Who's Behind The Door?
Genesis,Just A Job To Do
Rod Stewart, Baby Jane
Tom Petty and the Heartbreakers,Change Of Heart
Howard Jones,What Is Love?
Berlin,Sex (I'm A...)
The Pretenders,My City Was Gone
Blue Oyster Cult,Take Me Away
Red Rider,Human Race
Loverboy,Queen Of The Broken Hearts
Bob Seger & The Silver Bullet Band,Boomtown Blues
Michael Stanley Band,My Town
David Bowie,Cat People (Putting Out Fire) (1983 Version)
ZZ Top,Gimme All Your Lovin'
Missing Persons,Walking In L.A.
INXS,The One Thing
Robert Plant,Far Post
Alan Parsons Project,You Don't Believe
Rainbow,Street of Dreams
Aldo Nova,Monkey On Your Back
Men At Work,Dr. Heckyll & Mr. Jive
Ozzy Osbourne,Bark At The Moon
Michael Jackson & Paul McCartney,"Say, Say, Say"
Stevie Nicks,Enchanted
Dire Straits,Twisting By The Pool
Air Supply,Making Love (Out of Nothing at All)
Philip Bailey,Easy Lover
Tears for Fears,Shout
The Pretenders,Middle Of The Road
Phil Collins,Against All Odds (Take a Look at Me Now)
John Cafferty & the Beaver Brown Band,On the Dark Side
Duran Duran,Union Of The Snake
Glenn Frey,The Heat Is On
John Fogerty,The Old Man Down the Road
The Fixx,Deeper And Deeper
Rush,Distant Early Warning
Journey,Ask The Lonely
Slade,Run Runaway
The Rolling Stones,She Was Hot
Christine McVie,Got a Hold on Me
Julian Lennon,Too Late for Goodbyes
Survivor,I Can't Hold Back
The Kinks,Do It Again
Jefferson Starship,No Way Out
Roger Daltrey,Walking In My Sleep
John Lennon,Nobody Told Me
Roger Hodgson,Had A Dream (Sleeping With The Enemy)
Yes,It Can Happen
Bon Jovi,Runaway
Sammy Hagar,Two Sides Of Love
REO Speedwagon,I Do'wanna Know
Yes,Changes
Jefferson Starship,Layin' It On The Line
Billy Squier,Rock Me Tonite
Manfred Mann,Runner
The Pretenders,Time The Avenger
Streets,If Love Should Go
Tommy Shaw,Girls With Guns
The Fixx,Are We Ourselves?
Honeymoon Suite,New Girl Now
Hall & Oates,Method of Modern Love
Orion The Hunter,So You Ran
Toto,Stranger In Town
The Honeydrippers,Rockin' At Midnight
The Cars,Magic
The Pretenders,Show Me
John Waite,Tears
Billy Idol,Flesh For Fantasy
Thompson Twins,Lay Your Hands on Me
Van Halen,Panama
Sammy Hagar,I Can't Drive 55
Billy Idol,Rebel Yell
Tony Carey,A Fine Fine Day
Van Stephenson,Modern Day Delilah
Greg Kihn Band,Reunited
Julian Lennon,Valotte
Golden Earring,When The Lady Smiles
Van Halen,I'll Wait
John Cafferty and the Beaver Brown Band,Tender Years
Giuffria,Call to the Heart
Scandal featuring Patty Smyth,Beat Of A Heart
Billy Squier,All Night Long
Krokus,Midnite Maniac
A Flock Of Seagulls,"The More You Live, The More You Love"
Prince and the Revolution,Let's Go Crazy
Dio,The Last In Line
David Gilmour,All Lovers Are Deranged
Huey Lewis & the News,If This Is It
Prince and the Revolution,Purple Rain
KISS,Heaven's On Fire
Survivor,High on You
Deep Purple,Perfect Strangers
Motley Crue,Looks That Kill
Joe Jackson,You Can't Get What You Want (Till You Know What You Want)
Dwight Twilley,Girls
Duke Jupiter,Little Lady
Glenn Frey,Smuggler's Blues
Stephen Stills,Stranger
The Motels,Remember The Nights
David Gilmour,Murder
Dire Straits,Money for Nothing
Mr. Mister,Kyrie
John Fogerty,The Old Man Down The Road
Mike + the Mechanics,Silent Running (On Dangerous Ground)
Foreigner,I Want To Know What Love Is
John Cougar Mellencamp,Lonely Ol' Night
Pet Shop Boys,West End Girls
Glenn Frey,You Belong to the City
The Cars,Tonight She Comes
Tears for Fears,Everybody Wants to Rule the World
Giuffria,Call To The Heart
Starship,We Built This City
John Parr,St. Elmo's Fire (Man in Motion)
Huey Lewis and the News,Back In Time
ZZ Top,Sleeping Bag
Don Henley,All She Wants to Do Is Dance
Sting,Fortress Around Your Heart
 The Firm,Satisfaction Guaranteed
Simple Minds,Alive and Kicking
a-ha,Take on Me
Bruce Springsteen,Trapped
Bryan Adams,Somebody
The Dream Academy,Life in a Northern Town
Phil Collins,Take Me Home
Mr. Mister,Broken Wings
ZZ Top,Stages
Philip Bailey (with Phil Collins),Easy Lover
Tom Petty and the Heartbreakers,Rebels
Starship,Sara
Jeff Beck & Rod Stewart,People Get Ready
Mick Jagger,Lucky In Love
Simple Minds,Sanctify Yourself
Eurythmics,Would I Lie to You?
John Parr,Naughty Naughty
David Bowie and Mick Jagger,Dancing in the Street
Deep Purple,Knocking At Your Back Door
Don Henley,Sunset Grill
Asia,Go
John Cafferty & the Beaver Brown Band,Tough All Over
"Phantom, Rocker & Slick",Men Without Shame
Survivor,High On You
ZZ Top,Can't Stop Rockin'
Eric Clapton,Forever Man
Dire Straits,One World
Cheap Trick,Tonight It's You
Joe Walsh,The Confessor
The Hooters,Day by Day
Mick Jagger ,Lonely At The Top
John Cafferty and the Beaver Brown Band,C-I-T-Y
Bruce Springsteen,I'm on Fire
Robert Plant,Little by Little
Don Henley,Drivin' With Your Eyes Closed
The Firm,Radioactive
Roger Daltrey,Under A Raging Moon
The Motels,Shame
Alan Parsons Project,Let's Talk About Me
Tom Petty and the Heartbreakers,Don't Come Around Here No More
Triumph,Spellbound
Chicago,Along Comes A Woman
David Bowie & Pat Metheny Group,This Is Not America
Talking Heads,And She Was
The Cars,Why Can't I Have You
INXS,This Time
 Madonna,Dress You Up
Hooters,All You Zombies
Ratt,Lay It Down
Night Ranger,Sentimental Street
Loverboy,Lovin' Every Minute of it
a-ha,The Sun Always Shines on T.V.
Eric Clapton,She's Waiting
Huey Lewis and the News,Trouble In Paradise
diVINYLS,Pleasure And Pain
Kim Mitchell,Go For Soda
Tom Petty and the Heartbreakers,Make It Better (Forget About Me)
Heart,What About Love?
Night Ranger,Four In The Morning (I Can't Take Any More)
Triumph,Follow Your Heart
Phil Collins,Inside Out
Bon Jovi,Livin' on a Prayer
Cutting Crew,(I Just) Died in Your Arms
Genesis,Throwing It All Away
Van Halen,Why Can't This Be Love
Bruce Hornsby,The Way It Is
Falco,Rock Me Amadeus 
Bob Seger,Like a Rock
Eddie Money,Take Me Home Tonight
Huey Lewis & the News,Hip to Be Square
 Huey Lewis & the News,Stuck with You
Robbie Nevil,C'est la vie
Steve Miller Band,I Want to Make the World Turn Around
John Fogerty,Eye Of The Zombie
Bob Seger,American Storm
Georgia Satellites,Keep Your Hands To Yourself
Julian Lennon,Stick Around
Eurythmics,Missionary Man
The Firm,All the King's Horses
The Fixx,Secret Separation
Pete Townshend,Give Blood
Hooters,Day By Day
Billy Idol,To Be a Lover
R.E.M.,Fall On Me
Alan Parsons Project,Stereotomy
Stevie Nicks,I Can't Wait
38 Special,Somebody Like You
The Robert Cray Band,Smoking Gun
KBC Band,"It's Not You, It's Not Me"
Ric Ocasek,Emotion in Motion
The Dream Academy,Life In A Northern Town
The Pretenders,My Baby 
Honeymoon Suite,Feel It Again
David & David,Welcome To The Boomtown
The Fabulous Thunderbirds,Wrap It Up
Boston,We're Ready
Neil Young,Touch The Night
Bob Seger & The Silver Bullet Band,It's You
Ric Ocasek,True To You
The Moody Blues,Your Wildest Dreams
Icehouse,No Promises
Triumph,Somebody's Out There
Tom Petty and the Heartbreakers,So You Want To Be A Rock & Roll Star
Bob Seger & The Silver Bullet Band,The Aftermath
Eddie Money,I Wanna Go Back
Til Tuesday,What About Love
Blue Oyster Cult,Dancin' In The Ruins
Eric Clapton,It's in the Way That You Use It
Bob Seger & The Silver Bullet Band,Fortunate Son
Journey,Be Good to Yourself
Rush,Manhattan Project
 Ozzy Osbourne,Shot In The Dark
The Rolling Stones,Winning Ugly
David Lee Roth,Tobacco Road
David Lee Roth,Yankee Rose
The Police,Don't Stand So Close To Me '86
The Moody Blues,The Other Side Of Life
Roger Daltrey,Let Me Down Easy
Joe Jackson,Right And Wrong
Journey,Suzanne
Stevie Ray Vaughan and Double Trouble,Superstition
Joe Cocker,Shelter Me
Journey,Girl Can't Help It
George Thorogood & The Destroyers,Reelin' & Rockin'
Bruce Springsteen,War
Roger Daltrey,Quicksilver Lightning
World Party,Ship of Fools (Save Me from Tomorrow)
The Alarm,Strength
Van Halen,Best Of Both Worlds
The Fabulous Thunderbirds,Tuff Enuff
INXS,Listen Like Thieves
David Lee Roth,Goin' Crazy!
Robert Tepper,No Easy Way Out
GTR,When the Heart Rules the Mind
U2,With or without You
The Pretenders,My Baby
Bon Jovi,Livin' On A Prayer
Bob Seger,Shakedown
Eric Clapton,It's In The Way That You Use It
Lou Gramm,Midnight Blue
Bruce Springsteen ,Tunnel of Love
John Cougar Mellencamp,Paper In Fire
INXS,Devil Inside
Bruce Hornsby,Mandolin Rain
Grateful Dead,Touch of Grey
Tom Petty and the Heartbreakers,Jammin' Me
Pet Shop Boys & Dusty Springfield,What Have I Done to Deserve This?
John Cougar Mellencamp,Cherry Bomb
Pet Shop Boys,Always on My Mind
Robert Cray Band,Smoking Gun
Richard Marx,Don't Mean Nothing
Paul Carrack,Don't Shed a Tear
Sammy Hagar,Give to Live
Cutting Crew,(I Just) Died In Your Arms
 Yes,Love Will Find a Way
George Harrison,When We Was Fab
Def Leppard,Pour Some Sugar on Me
Bruce Springsteen,One Step Up
Def Leppard,Hysteria
George Harrison,Got My Mind Set on You
R.E.M.,The One I Love
Heart,Who Will You Run To
World Party,Ship Of Fools (Save Me From Tomorrow)
Bryan Adams,Heat of the Night
Pet Shop Boys,It's a Sin
Eric Clapton,Tearing Us Apart
Pink Floyd,On the Turning Away
Pink Floyd,Learning to Fly
Ann Wilson,The Best Man In The World
Bryan Adams,Into The Fire
Peter Wolf,Come As You Are
Bruce Hornsby and the Range,On The Western Skyline
Tom Petty and the Heartbreakers,Runaway Trains
Fleetwood Mac ,Everywhere
Lou Gramm,Ready Or Not
Jethro Tull,Farm On The Freeway
David Bowie,Time Will Crawl
Jon Butcher,Goodbye Saving Grace
Michael Bolton,(Sittin' on) The Dock of the Bay
The Truth,Weapons Of Love
Jon Astley,Jane's Getting Serious
Mick Jagger,Throwaway
Def Leppard,Women
KBC Band,America
Insiders,Ghost On The Beach
The Fabulous Thunderbirds,Stand Back
Joe Walsh,The Radio Song
Gregg Allman Band,I'm No Angel
Loverboy,Notorious
The Cars,You Are the Girl
Fleetwood Mac,Seven Wonders
Steve Miller Band,Nobody But You Baby
Rock and Hyde,Dirty Water
John Mellencamp,The Real Life
Warren Zevon,Sentimental Hygiene
Billy Idol,Don't Need A Gun
John Cougar Mellencamp,Hard Times For An Honest Man
Little America,Walk On Fire
Yes,Rhythm of Love
Bryan Adams,Victim Of Love
Jethro Tull,Steel Monkey
Psychedelic Furs,Heartbreak Beat
Steve Winwood,The Finer Things
Joe Cocker,Unchain My Heart
Sting,Little Wing
David Bowie,Day-In Day-Out
Georgia Satellites,Battleship Chains
Heart,There's the Girl
The Outfield,Since You've Been Gone
Robbie Robertson,Showdown at Big Sky
Mason Ruffner,Gypsy Blood
Def Leppard,Animal
U2,Spanish Eyes
INXS & Jimmy Barnes,Good Times
Night Ranger,The Secret Of My Success
Roger Waters,Radio Waves
Eric Clapton,Miss You
Lynyrd Skynyrd,Truck Drivin' Man
Bryan Adams,Hearts on Fire
Great White,Rock Me
Hooters,Satellite
R.E.M.,Orange Crush
Bruce Hornsby and the Range,The Valley Road
Steve Winwood,Roll with It
Pink Floyd,On The Turning Away
U2,When Love Comes to Town
David Lee Roth,Just Like Paradise
Enya,Orinoco Flow (Sail Away)
Steve Winwood,Don't You Know What the Night Can Do?
Guns N' Roses,Patience
Midge Ure,Dear God
Van Halen,When It's Love
Robert Plant,Tall Cool One
Robert Plant,Heaven Knows
Little Feat,Let It Roll
Gregg Allman Band,Can't Get Over You
The Fabulous Thunderbirds,Powerful Stuff
Jon Astley,Put This Love To The Test
Jimmy Barnes,Too Much Ain't Enough Love
Siouxsie & the Banshees,Peek-a-Boo
Keith Richards,Take It So Hard
George Thorogood & The Destroyers,Born To Be Bad
White Lion,When the Children Cry
Eddie Money,The Love in Your Eyes
Little Feat,Hate to Lose Your Lovin'
Bad Company,No Smoke Without A Fire
Van Halen,Black and Blue
Jim Capaldi,Something So Strong
Kingdom Come,Get It On
Eddie Money,Walk on Water
George Thorogood & The Destroyers,You Talk Too Much
Robert Cray Band,Don't Be Afraid Of The Dark
"Crosby, Stills, Nash & Young",American Dream
Edie Brickell & New Bohemians,What I Am
Def Leppard,Armageddon It
Henry Lee Summer,I Wish I Had a Girl
Eric Clapton,After Midnight
"Crosby, Stills & Nash",Got It Made
John Cougar Mellencamp,The Real Life
Jimmy Page,Wasting My Time
Paul Carrack,Don't Shed A Tear
David Lee Roth,Stand Up
Randy Newman,It's Money That Matters
Bruce Springsteen,All That Heaven Will Allow
Van Halen,Finish What Ya Started
Talking Heads,(Nothing But) Flowers
Thirty Eight Special,Rock & Roll Strategy
Bob Dylan,Silvio
Julian Cope,Charlotte Anne
Steve Winwood,Holding On
The Escape Club,"Wild, Wild West"
R.E.M.,Stand
Hunters & Collectors,Back On The Breadline 
Scorpions,Rhythm Of Love
U2,In God's Country
New Order,Fine Time
Neil Young & The Bluenotes,Ten Men Workin'
The Feelies,Away
Pat Benatar,All Fired Up
Georgia Satellites,Open All Night
Sting,Be Still My Beating Heart
Bruce Hornsby,Look Out Any Window
Jane's Addiction,Jane Says
Patti Smith,Up There Down There
Psychedelic Furs,All That Money Wants
Shriekback,Intoxication
Tommy Conwell & the Young Rumblers,I'm Not Your Man
Jerry Harrison: Casual Gods,Rev It Up
Robbie Robertson,Sweet Fire Of Love
The Traveling Wilburys,Handle with Care
The Smithereens,Only a Memory
Foreigner,Heart Turns To Stone
The Screaming Tribesmen,I've Got A Feeling
John Cougar Mellencamp,Rooty Toot Toot
Big Audio Dynamite,Just Play Music!
John Hiatt,Slow Turning
The House Of Love,Christine
The Primitives,Way Behind Me
The Church,Under the Milky Way
The Bunburys,Fight (No Matter How Long)
The Moody Blues,I Know You're Out There Somewhere
Richard Marx,Hold on to the Nights
Rhythm Corps,Common Ground
Great White,Save Your Love
The Pursuit of Happiness,I'm an Adult Now
Alannah Myles,Black Velvet
Love and Rockets,So Alive
Rod Stewart,Downtown Train
The B-52's,Love Shack
Tom Petty and the Heartbreakers,I Won't Back Down
"Crosby, Stills, Nash & Young",Got It Made
The Replacements,I'll Be You
Eddie Money,The Love In Your Eyes
The Cure,Fascination Street
Tears for Fears,Sowing the Seeds of Love
Michael Penn,No Myth
The Ocean Blue,Between Something And Nothing
XTC,The Mayor of Simpleton
Don Henley,The End of the Innocence
Robyn Hitchcock & The Egyptians,Madonna Of The Wasps
The Rolling Stones,Rock and a Hard Place
The Fixx,Driven Out
Tom Petty,Free Fallin'
Elvis Costello,Veronica
Anderson Bruford Wakeman Howe,Brother Of Mine
The B-52's,Roam
Big Audio Dynamite,James Brown
The Sugarcubes,Regina
U2 with B.B. King,When Love Comes To Town
Lou Reed,Dirty Blvd.
Eric Clapton,Pretending
The Call,Let the Day Begin
The Cure,Lovesong
The Doobie Brothers,The Doctor
Tesla,Love Song
Eric Clapton,Bad Love
The Doobie Brothers,Need A Little Taste Of Love
Pixies,Here Comes Your Man
The Waterboys,Fisherman's Blues
Kate Bush,Love and Anger
The Jesus and Mary Chain,Blues From A Gun
The Psychedelic Furs,House
Ian McCulloch,Proud to Fall
Trevor Rabin,Something To Hold On To
Pete Townshend,A Friend Is A Friend
David Crosby,Drive My Car
Elvis Costello,...This Town...
Bob Mould,See A Little Light
The Smithereens,A Girl Like You
The Alarm,Sold Me Down the River
Billy Squier,Don't Say You Love Me
Violent Femmes,Nightmares
The Cult,Fire Woman
Stevie Nicks,Rooms on Fire
Ramones,Pet Sematary
Tom Petty,Runnin' Down A Dream
Eddie Money,Peace in Our Time
Jackson Browne,World In Motion
The Jesus and Mary Chain,Head On
Cowboy Junkies,Sweet Jane
Traveling Wilburys,Last Night
Adrian Belew,Oh Daddy
Hoodoo Gurus,Come Anytime
The Mighty Lemon Drops,Into The Heart Of Love
Pixies,Monkey Gone To Heaven
The B-52's,Channel Z
Stevie Ray Vaughan and Double Trouble,Crossfire
Joe Satriani,The Crush Of Love
38 Special,Second Chance
Electronic,Getting Away with It
Julian Lennon,Now You're in Heaven
The Pursuit Of Happiness,I'm An Adult Now
Melissa Etheridge,Similar Features
Big Audio Dynamite,Contact
Mike + the Mechanics,The Living Years
Henry Lee Summer,Hey Baby
Jethro Tull,Kissing Willie
Chris Rea,Working on It
Aerosmith,Janie's Got a Gun
Max Q,Way Of The World
Red Hot Chili Peppers,Knock Me Down
Pere Ubu,Waiting For Mary
Rush,Marathon
Camper Van Beethoven,Pictures of Matchstick Men
Rush,Show Don't Tell
Tom Petty,Love Is A Long Road
Tangier,On The Line
Jon Butcher,Send Me Somebody
Morrissey,"Ouija Board, Ouija Board"
Boris Grebenshikov,Radio Silence
KC and the Sunshine Band,Please Don't Go
Michael Jackson,Rock with You
Pink Floyd,Another Brick in the Wall (Part 2)
"Blondie
",Call Me
"Lipps, Inc.",Funkytown
Paul McCartney,Coming Up (Live at Glasgow)
Barbra Streisand,Woman in Love
Blondie,The Tide Is High
Kool & the Gang,Celebration
Eddie Rabbitt,I Love a Rainy Night
Daryl Hall and John Oates,Kiss on My List
"Kim Carnes
",Bette Davis Eyes
Stars on 45,Stars on 45
Diana Ross and Lionel Richie,Endless Love
Daryl Hall and John Oates,Private Eyes
"Olivia Newton-John
",Physical
Daryl Hall and John Oates,I Can't Go for That (No Can Do)
The J. Geils Band,Centerfold
Joan Jett and the Blackhearts,I Love Rock 'n' Roll
Paul McCartney with Stevie Wonder,Ebony and Ivory
John Mellencamp,Jack and Diane
Men at Work,Who Can It Be Now
Joe Cocker and Jennifer Warnes,Up Where We Belong
Daryl Hall and John Oates,Maneater
Patti Austin and James Ingram,"Baby, Come to Me"
"The Police
",Every Breath You Take
Eurythmics,Sweet Dreams (Are Made of This)
Kenny Rogers with Dolly Parton,Islands in the Stream
Paul McCartney and Michael Jackson,"Say, Say, Say"
Deniece Williams,Let's Hear It for the Boy
"Prince
",When Doves Cry
"Ray Parker, Jr.",Ghostbusters
Tina Turner,What's Love Got to Do with It
Prince and The Revolution,Let's Go Crazy
Billy Ocean,Caribbean Queen (No More Love on the Run)
Wham!,Wake Me Up Before You Go-Go
Daryl Hall and John Oates,Out of Touch
"Wham! featuring George Michael
",Careless Whisper
USA for Africa,We Are the World
Madonna,Crazy for You
Paul Young,Everytime You Go Away
Huey Lewis and the News,The Power of Love
Ready for the World,Oh Sheila
a-ha,Take On Me
Whitney Houston,Saving All My Love for You
Phil Collins and Marilyn Martin,Separate Lives
"Dionne & Friends[1]
",That's What Friends Are For
Prince and The Revolution,Kiss
Patti LaBelle and Michael McDonald,On My Own
Huey Lewis and the News,Stuck with You
Human League,Human
Peter Cetera and Amy Grant,The Next Time I Fall
Bruce Hornsby & the Range,The Way It Is
"The Bangles
",Walk Like an Egyptian
Billy Vera and the Beaters,At This Moment
Huey Lewis and the News,Jacob's Ladder
Club Nouveau,Lean on Me
Starship,Nothing's Gonna Stop Us Now
Aretha Franklin and George Michael,I Knew You Were Waiting (for Me)
U2,With or Without You
Kim Wilde,You Keep Me Hangin' On
Lisa Lisa and Cult Jam,Head to Toe
Whitney Houston,I Wanna Dance with Somebody (Who Loves Me)
Madonna,Who's That Girl
Michael Jackson with Siedah Garrett,I Just Can't Stop Loving You
Whitney Houston,Didn't We Almost Have It All
Lisa Lisa and Cult Jam,Lost in Emotion
Billy Idol,Mony Mony
Bill Medley and Jennifer Warnes,(I've Had) The Time of My Life
Belinda Carlisle,Heaven Is a Place on Earth
"George Michael
",Faith
Expos,Seasons Change
Billy Ocean,"Get Outta My Dreams, Get into My Car"
Gloria Estefan and Miami Sound Machine,Anything for You
Richard Marx,Hold On to the Nights
Guns N' Roses,Sweet Child o' Mine
Bobby McFerrin,"Don't Worry, Be Happy"
Will to Power,"Baby, I Love Your Way / Freebird Medley (Free Baby)"
Poison,Every Rose Has Its Thorn
Bobby Brown,My Prerogative
Sheriff,When I'm with You
Mike + The Mechanics,The Living Years
Bon Jovi,I'll Be There for You
New Kids on the Block,I'll Be Loving You (Forever)
Simply Red,If You Don't Know Me by Now
New Kids on the Block,Hangin' Tough
Gloria Estefan,Don't Wanna Lose You
Milli Vanilli,Girl I'm Gonna Miss You
"Janet Jackson
",Miss You Much
Milli Vanilli,Blame It on the Rain
